Customer_ID,Churned,Churn_Probability,Risk_Tier
CUST0001,0,0.0015880202,Low Risk
CUST0002,0,0.0030598335,Low Risk
CUST0003,0,0.013847654,Low Risk
CUST0004,0,0.73169357,High Risk
CUST0005,1,0.87971973,High Risk
CUST0006,1,0.87946784,High Risk
CUST0007,0,0.2545562,Low Risk
CUST0008,0,0.13689019,Low Risk
CUST0009,0,0.02861631,Low Risk
CUST0010,1,0.94308054,High Risk
CUST0011,1,0.6284877,Medium Risk
CUST0012,0,0.0024496198,Low Risk
CUST0013,0,0.0034802477,Low Risk
CUST0014,0,0.0030600214,Low Risk
CUST0015,0,0.0092970645,Low Risk
CUST0016,0,0.37417805,Medium Risk
CUST0017,1,0.87117577,High Risk
CUST0018,1,0.9912177,High Risk
CUST0019,0,0.01888545,Low Risk
CUST0020,1,0.9582533,High Risk
CUST0021,0,0.0015218237,Low Risk
CUST0022,0,0.0014911444,Low Risk
CUST0023,1,0.9453512,High Risk
CUST0024,1,0.9845674,High Risk
CUST0025,0,0.0013580809,Low Risk
CUST0026,1,0.9768663,High Risk
CUST0027,0,0.0039565573,Low Risk
CUST0028,0,0.035907865,Low Risk
CUST0029,0,0.004520138,Low Risk
CUST0030,0,0.66050506,High Risk
CUST0031,1,0.98475534,High Risk
CUST0032,0,0.0036020281,Low Risk
CUST0033,0,0.06983737,Low Risk
CUST0034,1,0.8370792,High Risk
CUST0035,0,0.0046145674,Low Risk
CUST0036,0,0.17046876,Low Risk
CUST0037,1,0.9555439,High Risk
CUST0038,1,0.9182661,High Risk
CUST0039,0,0.0016499471,Low Risk
CUST0040,1,0.9270697,High Risk
CUST0041,0,0.0017885487,Low Risk
CUST0042,1,0.99133,High Risk
CUST0043,0,0.4110369,Medium Risk
CUST0044,1,0.9284873,High Risk
CUST0045,0,0.045738213,Low Risk
CUST0046,0,0.071143195,Low Risk
CUST0047,1,0.9250543,High Risk
CUST0048,0,0.016401049,Low Risk
CUST0049,1,0.9828303,High Risk
CUST0050,1,0.7339392,High Risk
CUST0051,1,0.92161745,High Risk
CUST0052,0,0.11009659,Low Risk
CUST0053,1,0.81365407,High Risk
CUST0054,0,0.016532386,Low Risk
CUST0055,1,0.97482634,High Risk
CUST0056,0,0.0015659991,Low Risk
CUST0057,0,0.010069623,Low Risk
CUST0058,0,0.015889464,Low Risk
CUST0059,0,0.026067771,Low Risk
CUST0060,0,0.30846047,Low Risk
CUST0061,0,0.0042868094,Low Risk
CUST0062,1,0.95038396,High Risk
CUST0063,1,0.98697203,High Risk
CUST0064,0,0.29748014,Low Risk
CUST0065,0,0.0016475493,Low Risk
CUST0066,1,0.99015146,High Risk
CUST0067,0,0.032315258,Low Risk
CUST0068,0,0.0195163,Low Risk
CUST0069,1,0.9571678,High Risk
CUST0070,0,0.008107312,Low Risk
CUST0071,0,0.055903923,Low Risk
CUST0072,0,0.35408416,Medium Risk
CUST0073,0,0.0060210414,Low Risk
CUST0074,0,0.009998611,Low Risk
CUST0075,1,0.96423995,High Risk
CUST0076,0,0.02350978,Low Risk
CUST0077,1,0.9586436,High Risk
CUST0078,0,0.0007849913,Low Risk
CUST0079,0,0.071633495,Low Risk
CUST0080,1,0.9908093,High Risk
CUST0081,1,0.99087536,High Risk
CUST0082,1,0.9505637,High Risk
CUST0083,0,0.0015309397,Low Risk
CUST0084,0,0.013078279,Low Risk
CUST0085,0,0.13976943,Low Risk
CUST0086,0,0.0020054118,Low Risk
CUST0087,0,0.0013369042,Low Risk
CUST0088,0,0.0013644535,Low Risk
CUST0089,0,0.033659346,Low Risk
CUST0090,0,0.0013881854,Low Risk
CUST0091,1,0.8539593,High Risk
CUST0092,0,0.0011195345,Low Risk
CUST0093,0,0.0010023816,Low Risk
CUST0094,1,0.988937,High Risk
CUST0095,1,0.971055,High Risk
CUST0096,1,0.8162396,High Risk
CUST0097,0,0.014703613,Low Risk
CUST0098,1,0.97811186,High Risk
CUST0099,1,0.5900371,Medium Risk
CUST0100,1,0.9841643,High Risk
CUST0101,0,0.0075984765,Low Risk
CUST0102,1,0.9930916,High Risk
CUST0103,1,0.7325993,High Risk
CUST0104,1,0.82799643,High Risk
CUST0105,1,0.7225699,High Risk
CUST0106,0,0.008903958,Low Risk
CUST0107,0,0.0009862568,Low Risk
CUST0108,0,0.005084172,Low Risk
CUST0109,0,0.0020108044,Low Risk
CUST0110,0,0.009353513,Low Risk
CUST0111,0,0.00236897,Low Risk
CUST0112,0,0.1144153,Low Risk
CUST0113,0,0.0018722481,Low Risk
CUST0114,0,0.0011737585,Low Risk
CUST0115,1,0.9465414,High Risk
CUST0116,0,0.012950963,Low Risk
CUST0117,0,0.001429356,Low Risk
CUST0118,0,0.06014421,Low Risk
CUST0119,0,0.015883999,Low Risk
CUST0120,1,0.88194764,High Risk
CUST0121,1,0.7051861,High Risk
CUST0122,0,0.0012238631,Low Risk
CUST0123,0,0.0015065208,Low Risk
CUST0124,1,0.90694094,High Risk
CUST0125,0,0.06436247,Low Risk
CUST0126,0,0.000845838,Low Risk
CUST0127,0,0.18255684,Low Risk
CUST0128,1,0.9737076,High Risk
CUST0129,0,0.030690003,Low Risk
CUST0130,0,0.0021460147,Low Risk
CUST0131,0,0.052645225,Low Risk
CUST0132,0,0.0012810437,Low Risk
CUST0133,1,0.98557264,High Risk
CUST0134,0,0.0025773346,Low Risk
CUST0135,0,0.0021089371,Low Risk
CUST0136,1,0.8773818,High Risk
CUST0137,0,0.02332633,Low Risk
CUST0138,1,0.813167,High Risk
CUST0139,0,0.0014865403,Low Risk
CUST0140,1,0.6906658,High Risk
CUST0141,1,0.9496817,High Risk
CUST0142,1,0.9825754,High Risk
CUST0143,0,0.0018014078,Low Risk
CUST0144,0,0.0020171201,Low Risk
CUST0145,1,0.8940045,High Risk
CUST0146,0,0.001031737,Low Risk
CUST0147,1,0.94361806,High Risk
CUST0148,0,0.0011723812,Low Risk
CUST0149,1,0.95163983,High Risk
CUST0150,1,0.8902634,High Risk
CUST0151,1,0.92112225,High Risk
CUST0152,0,0.0008059132,Low Risk
CUST0153,0,0.004565312,Low Risk
CUST0154,0,0.0021015182,Low Risk
CUST0155,0,0.0021707967,Low Risk
CUST0156,1,0.9315012,High Risk
CUST0157,0,0.0013240795,Low Risk
CUST0158,1,0.9862053,High Risk
CUST0159,1,0.90156937,High Risk
CUST0160,1,0.959487,High Risk
CUST0161,0,0.0013939801,Low Risk
CUST0162,0,0.016947327,Low Risk
CUST0163,0,0.4129711,Medium Risk
CUST0164,0,0.63696575,Medium Risk
CUST0165,0,0.01745604,Low Risk
CUST0166,1,0.95173055,High Risk
CUST0167,1,0.9603156,High Risk
CUST0168,0,0.002360825,Low Risk
CUST0169,0,0.010037162,Low Risk
CUST0170,1,0.90108806,High Risk
CUST0171,0,0.022264449,Low Risk
CUST0172,0,0.010713242,Low Risk
CUST0173,0,0.0078031532,Low Risk
CUST0174,1,0.99238706,High Risk
CUST0175,0,0.12893787,Low Risk
CUST0176,0,0.015205334,Low Risk
CUST0177,0,0.0010401896,Low Risk
CUST0179,0,0.09866317,Low Risk
CUST0180,0,0.011125139,Low Risk
CUST0181,1,0.9406473,High Risk
CUST0182,0,0.41599697,Medium Risk
CUST0183,0,0.019088913,Low Risk
CUST0184,1,0.720242,High Risk
CUST0185,0,0.09580311,Low Risk
CUST0186,1,0.98737586,High Risk
CUST0187,0,0.0015180808,Low Risk
CUST0188,0,0.0024497958,Low Risk
CUST0189,0,0.027661975,Low Risk
CUST0190,0,0.02147807,Low Risk
CUST0191,0,0.00189719,Low Risk
CUST0192,0,0.0025476909,Low Risk
CUST0193,0,0.12275989,Low Risk
CUST0194,0,0.0018401921,Low Risk
CUST0195,0,0.5913623,Medium Risk
CUST0196,1,0.9457558,High Risk
CUST0197,0,0.019278023,Low Risk
CUST0198,1,0.9611011,High Risk
CUST0199,0,0.0029421328,Low Risk
CUST0200,1,0.9700561,High Risk
CUST0201,0,0.011039576,Low Risk
CUST0202,1,0.95247173,High Risk
CUST0203,1,0.852305,High Risk
CUST0204,1,0.9891368,High Risk
CUST0205,1,0.9793885,High Risk
CUST0206,0,0.031016748,Low Risk
CUST0207,1,0.96113497,High Risk
CUST0208,1,0.96146595,High Risk
CUST0209,0,0.1121366,Low Risk
CUST0210,0,0.004592207,Low Risk
CUST0211,0,0.04867189,Low Risk
CUST0212,0,0.023628429,Low Risk
CUST0213,1,0.9526976,High Risk
CUST0214,0,0.0013284986,Low Risk
CUST0215,0,0.0120934285,Low Risk
CUST0216,0,0.0010818286,Low Risk
CUST0217,0,0.0088987285,Low Risk
CUST0218,1,0.95684624,High Risk
CUST0219,0,0.05161963,Low Risk
CUST0220,0,0.0075827725,Low Risk
CUST0221,0,0.44834483,Medium Risk
CUST0222,0,0.029202241,Low Risk
CUST0223,1,0.9891902,High Risk
CUST0224,0,0.0024636376,Low Risk
CUST0225,1,0.8529016,High Risk
CUST0226,0,0.0030087882,Low Risk
CUST0227,1,0.79776824,High Risk
CUST0228,0,0.004378327,Low Risk
CUST0229,0,0.0010447955,Low Risk
CUST0230,1,0.96172357,High Risk
CUST0231,1,0.9225752,High Risk
CUST0232,0,0.014455201,Low Risk
CUST0233,0,0.0659231,Low Risk
CUST0234,1,0.97914976,High Risk
CUST0235,1,0.9255084,High Risk
CUST0236,0,0.0008269417,Low Risk
CUST0237,0,0.019239599,Low Risk
CUST0238,0,0.032886058,Low Risk
CUST0239,0,0.5457812,Medium Risk
CUST0241,0,0.021508504,Low Risk
CUST0242,0,0.0016267195,Low Risk
CUST0243,0,0.17609492,Low Risk
CUST0244,0,0.10880634,Low Risk
CUST0245,0,0.2101476,Low Risk
CUST0246,1,0.9859102,High Risk
CUST0247,0,0.0014146739,Low Risk
CUST0248,0,0.067149796,Low Risk
CUST0249,0,0.21122721,Low Risk
CUST0250,1,0.8568484,High Risk
CUST0251,0,0.10158525,Low Risk
CUST0252,1,0.9057939,High Risk
CUST0253,0,0.0014702631,Low Risk
CUST0254,1,0.89496547,High Risk
CUST0255,0,0.06183058,Low Risk
CUST0256,1,0.9827928,High Risk
CUST0257,0,0.20861696,Low Risk
CUST0258,0,0.00068392005,Low Risk
CUST0259,0,0.17380512,Low Risk
CUST0260,0,0.19168875,Low Risk
CUST0261,1,0.93393886,High Risk
CUST0262,1,0.8441326,High Risk
CUST0263,0,0.004625547,Low Risk
CUST0264,1,0.96448565,High Risk
CUST0265,0,0.0005119313,Low Risk
CUST0266,0,0.0008383711,Low Risk
CUST0267,0,0.21956879,Low Risk
CUST0268,0,0.050171092,Low Risk
CUST0269,1,0.8148216,High Risk
CUST0270,0,0.0035183758,Low Risk
CUST0271,0,0.06385525,Low Risk
CUST0272,0,0.09979749,Low Risk
CUST0273,0,0.026445283,Low Risk
CUST0274,0,0.008552268,Low Risk
CUST0275,1,0.973462,High Risk
CUST0276,0,0.26691964,Low Risk
CUST0277,1,0.85021687,High Risk
CUST0278,0,0.0031819013,Low Risk
CUST0279,1,0.99322504,High Risk
CUST0280,0,0.1406258,Low Risk
CUST0281,1,0.8758698,High Risk
CUST0282,0,0.015431933,Low Risk
CUST0283,0,0.02051529,Low Risk
CUST0284,0,0.0015767051,Low Risk
CUST0285,0,0.004036331,Low Risk
CUST0286,0,0.0050329175,Low Risk
CUST0287,0,0.07634367,Low Risk
CUST0288,0,0.5991571,Medium Risk
CUST0289,0,0.0015195097,Low Risk
CUST0290,1,0.9907436,High Risk
CUST0291,0,0.025443945,Low Risk
CUST0292,0,0.05492959,Low Risk
CUST0293,1,0.89605844,High Risk
CUST0294,0,0.0039676917,Low Risk
CUST0295,0,0.03265083,Low Risk
CUST0296,0,0.005838178,Low Risk
CUST0297,0,0.0620442,Low Risk
CUST0298,0,0.7319314,High Risk
CUST0299,0,0.48541388,Medium Risk
CUST0300,1,0.9906399,High Risk
CUST0301,0,0.00907939,Low Risk
CUST0302,0,0.0017525118,Low Risk
CUST0303,0,0.48619735,Medium Risk
CUST0304,0,0.017633153,Low Risk
CUST0305,0,0.0012534126,Low Risk
CUST0306,0,0.0381095,Low Risk
CUST0307,0,0.009267296,Low Risk
CUST0308,0,0.35113922,Medium Risk
CUST0309,0,0.006918788,Low Risk
CUST0310,0,0.07829777,Low Risk
CUST0311,1,0.87395364,High Risk
CUST0312,1,0.99068344,High Risk
CUST0313,0,0.17274167,Low Risk
CUST0314,0,0.43509495,Medium Risk
CUST0315,1,0.92643553,High Risk
CUST0316,0,0.24244224,Low Risk
CUST0317,0,0.83767956,High Risk
CUST0318,0,0.005080191,Low Risk
CUST0319,1,0.99193233,High Risk
CUST0320,1,0.95676845,High Risk
CUST0321,0,0.0010421274,Low Risk
CUST0322,1,0.98434377,High Risk
CUST0323,0,0.08176454,Low Risk
CUST0324,0,0.033003062,Low Risk
CUST0325,0,0.08496323,Low Risk
CUST0326,0,0.589338,Medium Risk
CUST0327,0,0.010050765,Low Risk
CUST0328,0,0.18030897,Low Risk
CUST0329,1,0.9342307,High Risk
CUST0330,0,0.0009987555,Low Risk
CUST0331,0,0.0012828093,Low Risk
CUST0332,0,0.4320374,Medium Risk
CUST0333,1,0.97718143,High Risk
CUST0334,0,0.002005742,Low Risk
CUST0335,1,0.9270815,High Risk
CUST0336,0,0.41789454,Medium Risk
CUST0337,1,0.88199735,High Risk
CUST0338,0,0.0018439798,Low Risk
CUST0339,1,0.9522451,High Risk
CUST0340,0,0.0058101458,Low Risk
CUST0341,0,0.31766677,Low Risk
CUST0342,1,0.83639675,High Risk
CUST0343,0,0.03294463,Low Risk
CUST0344,0,0.00044593943,Low Risk
CUST0345,0,0.09504924,Low Risk
CUST0346,1,0.99267393,High Risk
CUST0347,0,0.12465941,Low Risk
CUST0348,0,0.060468923,Low Risk
CUST0349,1,0.8640365,High Risk
CUST0350,1,0.87288034,High Risk
CUST0351,1,0.8725567,High Risk
CUST0352,0,0.020993574,Low Risk
CUST0353,1,0.9418482,High Risk
CUST0354,1,0.92468536,High Risk
CUST0355,1,0.84347904,High Risk
CUST0356,1,0.965331,High Risk
CUST0357,0,0.0011431065,Low Risk
CUST0358,0,0.12613453,Low Risk
CUST0359,0,0.05402113,Low Risk
CUST0360,1,0.88694626,High Risk
CUST0361,1,0.9515429,High Risk
CUST0362,1,0.9412301,High Risk
CUST0363,0,0.0015861781,Low Risk
CUST0364,0,0.002902723,Low Risk
CUST0365,1,0.8624672,High Risk
CUST0366,0,0.035707757,Low Risk
CUST0367,0,0.11818107,Low Risk
CUST0368,0,0.049861625,Low Risk
CUST0369,1,0.98703647,High Risk
CUST0370,1,0.78243816,High Risk
CUST0371,1,0.80495036,High Risk
CUST0372,0,0.035018444,Low Risk
CUST0373,1,0.991078,High Risk
CUST0374,0,0.016068045,Low Risk
CUST0375,1,0.9216554,High Risk
CUST0376,0,0.14021888,Low Risk
CUST0377,0,0.3572734,Medium Risk
CUST0378,0,0.0029090839,Low Risk
CUST0379,0,0.0029138846,Low Risk
CUST0380,1,0.70556873,High Risk
CUST0381,0,0.022392545,Low Risk
CUST0382,1,0.9778805,High Risk
CUST0383,0,0.021164002,Low Risk
CUST0384,0,0.02519036,Low Risk
CUST0385,1,0.8931373,High Risk
CUST0386,0,0.001036617,Low Risk
CUST0387,0,0.0016293104,Low Risk
CUST0388,0,0.029645775,Low Risk
CUST0389,1,0.9915193,High Risk
CUST0390,0,0.056843985,Low Risk
CUST0391,0,0.008681257,Low Risk
CUST0392,0,0.00052861666,Low Risk
CUST0393,1,0.7519474,High Risk
CUST0395,1,0.9433234,High Risk
CUST0396,0,0.39729044,Medium Risk
CUST0397,1,0.95838195,High Risk
CUST0398,0,0.0012590758,Low Risk
CUST0399,1,0.9293078,High Risk
CUST0400,1,0.66647744,High Risk
CUST0401,1,0.95234597,High Risk
CUST0402,0,0.0010103066,Low Risk
CUST0403,1,0.920217,High Risk
CUST0404,1,0.9484122,High Risk
CUST0405,0,0.0016576729,Low Risk
CUST0406,1,0.78910387,High Risk
CUST0407,1,0.8945146,High Risk
CUST0408,0,0.0021390019,Low Risk
CUST0409,1,0.9722377,High Risk
CUST0410,0,0.0074976827,Low Risk
CUST0411,0,0.0756848,Low Risk
CUST0412,1,0.9374194,High Risk
CUST0413,0,0.00212512,Low Risk
CUST0414,1,0.9247212,High Risk
CUST0415,0,0.17822322,Low Risk
CUST0416,0,0.10505446,Low Risk
CUST0417,1,0.94933534,High Risk
CUST0418,1,0.9900124,High Risk
CUST0419,0,0.008496146,Low Risk
CUST0420,0,0.015305938,Low Risk
CUST0421,0,0.09717204,Low Risk
CUST0422,0,0.001071447,Low Risk
CUST0423,0,0.5899787,Medium Risk
CUST0424,1,0.94257975,High Risk
CUST0425,0,0.0013704395,Low Risk
CUST0426,0,0.016213235,Low Risk
CUST0427,0,0.008061755,Low Risk
CUST0428,1,0.9436344,High Risk
CUST0429,0,0.0013871831,Low Risk
CUST0430,1,0.98909956,High Risk
CUST0431,1,0.7973243,High Risk
CUST0432,1,0.7955557,High Risk
CUST0433,0,0.08727069,Low Risk
CUST0434,0,0.100361794,Low Risk
CUST0435,0,0.0016193058,Low Risk
CUST0436,0,0.027990185,Low Risk
CUST0437,1,0.96468437,High Risk
CUST0438,0,0.0030958005,Low Risk
CUST0439,0,0.34375316,Medium Risk
CUST0440,0,0.16601495,Low Risk
CUST0441,0,0.87078077,High Risk
CUST0442,0,0.0014197052,Low Risk
CUST0443,0,0.0010559603,Low Risk
CUST0444,0,0.0015497819,Low Risk
CUST0445,1,0.9609937,High Risk
CUST0446,1,0.9138994,High Risk
CUST0447,0,0.0017383146,Low Risk
CUST0448,0,0.09824026,Low Risk
CUST0449,1,0.94525844,High Risk
CUST0450,0,0.001631768,Low Risk
CUST0451,0,0.08549021,Low Risk
CUST0452,0,0.0057816687,Low Risk
CUST0453,1,0.8753937,High Risk
CUST0454,1,0.8474629,High Risk
CUST0455,0,0.0019018422,Low Risk
CUST0456,1,0.96950793,High Risk
CUST0457,0,0.01828834,Low Risk
CUST0458,1,0.9898992,High Risk
CUST0459,0,0.003281704,Low Risk
CUST0460,0,0.001720041,Low Risk
CUST0461,0,0.0018969633,Low Risk
CUST0462,1,0.98917496,High Risk
CUST0463,1,0.8681714,High Risk
CUST0464,0,0.00069037994,Low Risk
CUST0465,1,0.8791974,High Risk
CUST0466,1,0.98952216,High Risk
CUST0467,0,0.0007309835,Low Risk
CUST0468,0,0.028690597,Low Risk
CUST0469,0,0.0037429144,Low Risk
CUST0470,0,0.0032827116,Low Risk
CUST0471,0,0.003218298,Low Risk
CUST0472,0,0.0066321064,Low Risk
CUST0473,1,0.98765546,High Risk
CUST0474,0,0.001595474,Low Risk
CUST0475,1,0.9455785,High Risk
CUST0476,0,0.33900777,Medium Risk
CUST0477,0,0.0011686906,Low Risk
CUST0478,0,0.00096414844,Low Risk
CUST0479,0,0.18128079,Low Risk
CUST0480,0,0.018185338,Low Risk
CUST0481,0,0.09956758,Low Risk
CUST0482,1,0.9853129,High Risk
CUST0483,1,0.69760627,High Risk
CUST0484,1,0.9885472,High Risk
CUST0485,0,0.0024619037,Low Risk
CUST0486,1,0.83486164,High Risk
CUST0487,0,0.0132474145,Low Risk
CUST0488,1,0.6774786,High Risk
CUST0489,1,0.88101417,High Risk
CUST0490,0,0.11380228,Low Risk
CUST0491,0,0.18907417,Low Risk
CUST0492,0,0.0016621683,Low Risk
CUST0493,0,0.0073427567,Low Risk
CUST0494,0,0.00688831,Low Risk
CUST0495,0,0.088519394,Low Risk
CUST0496,0,0.029729392,Low Risk
CUST0497,1,0.97167677,High Risk
CUST0498,0,0.077303044,Low Risk
CUST0499,0,0.001096106,Low Risk
CUST0500,0,0.11700914,Low Risk
CUST0501,0,0.15796274,Low Risk
CUST0502,0,0.0015003647,Low Risk
CUST0503,0,0.00090832653,Low Risk
CUST0504,1,0.9627892,High Risk
CUST0505,0,0.37977785,Medium Risk
CUST0506,0,0.37645003,Medium Risk
CUST0507,0,0.076742485,Low Risk
CUST0508,0,0.15359652,Low Risk
CUST0509,1,0.9511701,High Risk
CUST0510,1,0.7564724,High Risk
CUST0511,1,0.9420348,High Risk
CUST0512,1,0.96440226,High Risk
CUST0513,0,0.002338471,Low Risk
CUST0514,1,0.98688775,High Risk
CUST0515,0,0.09253779,Low Risk
CUST0516,0,0.00138112,Low Risk
CUST0517,1,0.87135285,High Risk
CUST0518,0,0.0022187636,Low Risk
CUST0519,1,0.9093532,High Risk
CUST0520,0,0.009814186,Low Risk
CUST0521,0,0.0011555193,Low Risk
CUST0522,0,0.00037092157,Low Risk
CUST0523,0,0.03217883,Low Risk
CUST0524,0,0.0014246765,Low Risk
CUST0525,0,0.0012344039,Low Risk
CUST0526,1,0.6569576,Medium Risk
CUST0527,0,0.51109457,Medium Risk
CUST0528,0,0.13609509,Low Risk
CUST0529,0,0.017257709,Low Risk
CUST0530,0,0.0058037895,Low Risk
CUST0531,0,0.02885128,Low Risk
CUST0532,0,0.0017373114,Low Risk
CUST0533,0,0.22240402,Low Risk
CUST0534,1,0.7125243,High Risk
CUST0535,0,0.00825074,Low Risk
CUST0536,0,0.07857317,Low Risk
CUST0537,0,0.0013912421,Low Risk
CUST0538,0,0.0007420545,Low Risk
CUST0540,0,0.008148602,Low Risk
CUST0541,1,0.90712464,High Risk
CUST0542,0,0.011490079,Low Risk
CUST0543,1,0.9502895,High Risk
CUST0544,0,0.011055429,Low Risk
CUST0546,0,0.002129515,Low Risk
CUST0547,0,0.0007690877,Low Risk
CUST0548,0,0.0019907742,Low Risk
CUST0549,0,0.36668554,Medium Risk
CUST0550,0,0.008098038,Low Risk
CUST0551,0,0.007860629,Low Risk
CUST0552,1,0.8017553,High Risk
CUST0553,0,0.030756019,Low Risk
CUST0554,0,0.0012850043,Low Risk
CUST0555,1,0.9652685,High Risk
CUST0556,0,0.006693076,Low Risk
CUST0557,0,0.0014794975,Low Risk
CUST0558,0,0.01835335,Low Risk
CUST0559,0,0.0025215105,Low Risk
CUST0560,1,0.9814765,High Risk
CUST0561,0,0.0011669592,Low Risk
CUST0562,0,0.022889158,Low Risk
CUST0563,0,0.014971665,Low Risk
CUST0564,1,0.7459017,High Risk
CUST0565,0,0.0008482044,Low Risk
CUST0566,0,0.0021427742,Low Risk
CUST0567,0,0.00065613457,Low Risk
CUST0568,1,0.5583892,Medium Risk
CUST0569,0,0.004317149,Low Risk
CUST0570,1,0.73904204,High Risk
CUST0571,1,0.7607486,High Risk
CUST0572,0,0.24981897,Low Risk
CUST0573,1,0.71312493,High Risk
CUST0574,0,0.002299666,Low Risk
CUST0575,0,0.0023904832,Low Risk
CUST0576,0,0.0074970755,Low Risk
CUST0577,1,0.9730163,High Risk
CUST0578,0,0.049364615,Low Risk
CUST0579,0,0.0009193553,Low Risk
CUST0580,0,0.22316517,Low Risk
CUST0581,0,0.0005981264,Low Risk
CUST0582,0,0.012678396,Low Risk
CUST0583,0,0.052145414,Low Risk
CUST0584,0,0.0035932134,Low Risk
CUST0585,1,0.9442405,High Risk
CUST0586,0,0.0084899785,Low Risk
CUST0587,1,0.9838604,High Risk
CUST0588,0,0.0019725685,Low Risk
CUST0589,0,0.3304538,Medium Risk
CUST0590,0,0.0036276113,Low Risk
CUST0591,1,0.6466074,Medium Risk
CUST0592,0,0.45574358,Medium Risk
CUST0593,0,0.0034319775,Low Risk
CUST0594,0,0.035811085,Low Risk
CUST0595,0,0.002292162,Low Risk
CUST0596,0,0.0014561178,Low Risk
CUST0597,0,0.07597893,Low Risk
CUST0598,0,0.0155858565,Low Risk
CUST0599,0,0.056194603,Low Risk
CUST0600,0,0.0861392,Low Risk
CUST0601,0,0.0076598553,Low Risk
CUST0602,1,0.72625494,High Risk
CUST0603,1,0.9843648,High Risk
CUST0604,1,0.86382747,High Risk
CUST0605,0,0.014939961,Low Risk
CUST0606,0,0.39716247,Medium Risk
CUST0607,0,0.003911095,Low Risk
CUST0608,0,0.01348951,Low Risk
CUST0609,0,0.0023860366,Low Risk
CUST0610,0,0.0017719967,Low Risk
CUST0611,0,0.17220977,Low Risk
CUST0612,0,0.081384525,Low Risk
CUST0613,0,0.015576547,Low Risk
CUST0614,1,0.81293774,High Risk
CUST0615,0,0.38262662,Medium Risk
CUST0616,0,0.014520888,Low Risk
CUST0617,0,0.0034741191,Low Risk
CUST0618,0,0.02315979,Low Risk
CUST0619,0,0.019974643,Low Risk
CUST0620,0,0.008260821,Low Risk
CUST0621,0,0.10077669,Low Risk
CUST0622,0,0.01462131,Low Risk
CUST0623,0,0.07148122,Low Risk
CUST0624,1,0.51435167,Medium Risk
CUST0625,0,0.0006738732,Low Risk
CUST0626,1,0.9896456,High Risk
CUST0627,0,0.20620583,Low Risk
CUST0628,1,0.5302822,Medium Risk
CUST0629,0,0.30244696,Low Risk
CUST0630,1,0.77720255,High Risk
CUST0631,0,0.02140953,Low Risk
CUST0632,1,0.9519355,High Risk
CUST0633,1,0.9526466,High Risk
CUST0634,0,0.0009634794,Low Risk
CUST0635,1,0.9823872,High Risk
CUST0636,0,0.006462584,Low Risk
CUST0637,0,0.015272397,Low Risk
CUST0638,0,0.72262436,High Risk
CUST0639,0,0.0013955907,Low Risk
CUST0640,1,0.8063231,High Risk
CUST0641,0,0.02293258,Low Risk
CUST0642,0,0.0020746617,Low Risk
CUST0643,0,0.0028725595,Low Risk
CUST0644,0,0.1543075,Low Risk
CUST0645,1,0.9613918,High Risk
CUST0646,0,0.0016946571,Low Risk
CUST0647,0,0.00078144245,Low Risk
CUST0648,1,0.98918414,High Risk
CUST0649,0,0.009430961,Low Risk
CUST0650,0,0.1835343,Low Risk
CUST0651,1,0.98654723,High Risk
CUST0652,0,0.014774083,Low Risk
CUST0653,0,0.0046540475,Low Risk
CUST0654,1,0.800114,High Risk
CUST0655,1,0.9198479,High Risk
CUST0656,0,0.16114286,Low Risk
CUST0657,0,0.0021615587,Low Risk
CUST0658,0,0.0018721616,Low Risk
CUST0659,0,0.0014664492,Low Risk
CUST0660,1,0.76237833,High Risk
CUST0661,0,0.0052189077,Low Risk
CUST0662,0,0.010132851,Low Risk
CUST0663,0,0.0008901012,Low Risk
CUST0664,1,0.9111473,High Risk
CUST0665,0,0.018678997,Low Risk
CUST0666,0,0.0017648258,Low Risk
CUST0667,0,0.0016959099,Low Risk
CUST0668,1,0.83588856,High Risk
CUST0669,0,0.09166466,Low Risk
CUST0670,0,0.0033657695,Low Risk
CUST0671,1,0.9893991,High Risk
CUST0672,1,0.95757854,High Risk
CUST0673,0,0.3215595,Low Risk
CUST0674,0,0.0014975807,Low Risk
CUST0675,1,0.82005334,High Risk
CUST0676,1,0.97016317,High Risk
CUST0677,1,0.98950994,High Risk
CUST0678,1,0.8793053,High Risk
CUST0679,0,0.024884729,Low Risk
CUST0680,0,0.20240681,Low Risk
CUST0681,0,0.026575647,Low Risk
CUST0682,0,0.0058386787,Low Risk
CUST0683,1,0.94598764,High Risk
CUST0684,1,0.9889985,High Risk
CUST0685,0,0.0017324671,Low Risk
CUST0686,0,0.0008693517,Low Risk
CUST0687,0,0.0004303431,Low Risk
CUST0688,0,0.0011593584,Low Risk
CUST0689,1,0.9834682,High Risk
CUST0690,0,0.0012337081,Low Risk
CUST0691,0,0.0013803717,Low Risk
CUST0692,0,0.14908235,Low Risk
CUST0693,0,0.02975021,Low Risk
CUST0694,0,0.067098096,Low Risk
CUST0695,0,0.017164107,Low Risk
CUST0696,1,0.98583543,High Risk
CUST0697,1,0.98936754,High Risk
CUST0698,0,0.014114171,Low Risk
CUST0699,0,0.006799792,Low Risk
CUST0700,1,0.6489021,Medium Risk
CUST0701,1,0.9861719,High Risk
CUST0702,0,0.031445302,Low Risk
CUST0703,1,0.7090064,High Risk
CUST0704,0,0.0039557153,Low Risk
CUST0705,0,0.3417337,Medium Risk
CUST0706,0,0.040584717,Low Risk
CUST0707,1,0.9868585,High Risk
CUST0708,0,0.018947039,Low Risk
CUST0709,0,0.0011845964,Low Risk
CUST0710,0,0.0018006174,Low Risk
CUST0711,0,0.3096856,Low Risk
CUST0712,0,0.0014269066,Low Risk
CUST0713,1,0.9869142,High Risk
CUST0714,1,0.47786987,Medium Risk
CUST0715,0,0.0012046231,Low Risk
CUST0716,1,0.95487475,High Risk
CUST0717,1,0.89094204,High Risk
CUST0718,0,0.00289033,Low Risk
CUST0719,1,0.955362,High Risk
CUST0720,0,0.0014927393,Low Risk
CUST0721,1,0.95369786,High Risk
CUST0722,0,0.24769765,Low Risk
CUST0723,0,0.089220904,Low Risk
CUST0724,0,0.0014675942,Low Risk
CUST0725,1,0.82919604,High Risk
CUST0726,0,0.003005533,Low Risk
CUST0727,0,0.0019580491,Low Risk
CUST0728,0,0.08767232,Low Risk
CUST0729,0,0.0010117413,Low Risk
CUST0730,0,0.0006187149,Low Risk
CUST0731,0,0.12740768,Low Risk
CUST0732,0,0.0017218965,Low Risk
CUST0733,1,0.8180003,High Risk
CUST0734,1,0.97025305,High Risk
CUST0735,0,0.001330337,Low Risk
CUST0736,1,0.91985434,High Risk
CUST0737,1,0.9818811,High Risk
CUST0738,0,0.00075678364,Low Risk
CUST0739,1,0.79869086,High Risk
CUST0740,0,0.00094887713,Low Risk
CUST0741,0,0.0019767955,Low Risk
CUST0742,0,0.47547314,Medium Risk
CUST0743,1,0.95447165,High Risk
CUST0744,1,0.9635765,High Risk
CUST0745,1,0.99126035,High Risk
CUST0746,0,0.0031043508,Low Risk
CUST0747,0,0.075756736,Low Risk
CUST0748,0,0.0006957653,Low Risk
CUST0749,1,0.6765799,High Risk
CUST0750,0,0.0051987506,Low Risk
CUST0751,0,0.0047793803,Low Risk
CUST0752,0,0.0012701639,Low Risk
CUST0753,0,0.076965235,Low Risk
CUST0754,0,0.3887273,Medium Risk
CUST0755,1,0.9844326,High Risk
CUST0756,0,0.010630888,Low Risk
CUST0757,0,0.020810105,Low Risk
CUST0758,1,0.9035211,High Risk
CUST0759,1,0.5593346,Medium Risk
CUST0760,1,0.991441,High Risk
CUST0761,1,0.67310786,High Risk
CUST0762,0,0.004178296,Low Risk
CUST0763,1,0.78256756,High Risk
CUST0764,1,0.96003795,High Risk
CUST0765,0,0.016383788,Low Risk
CUST0766,1,0.90034986,High Risk
CUST0767,1,0.9041704,High Risk
CUST0768,0,0.058922984,Low Risk
CUST0769,1,0.96051604,High Risk
CUST0770,0,0.0013805808,Low Risk
CUST0771,0,0.024931101,Low Risk
CUST0772,0,0.1728236,Low Risk
CUST0773,1,0.9899671,High Risk
CUST0774,0,0.0006519399,Low Risk
CUST0775,1,0.99025375,High Risk
CUST0776,1,0.8322671,High Risk
CUST0777,1,0.8107228,High Risk
CUST0778,0,0.00075377873,Low Risk
CUST0779,1,0.7633823,High Risk
CUST0780,0,0.0008730348,Low Risk
CUST0781,0,0.009072263,Low Risk
CUST0782,0,0.04134859,Low Risk
CUST0783,1,0.97391677,High Risk
CUST0784,0,0.0016730743,Low Risk
CUST0785,0,0.5361583,Medium Risk
CUST0786,1,0.99139106,High Risk
CUST0787,0,0.019875636,Low Risk
CUST0788,0,0.24067539,Low Risk
CUST0789,0,0.1286536,Low Risk
CUST0790,1,0.8676365,High Risk
CUST0791,0,0.0016921809,Low Risk
CUST0792,1,0.26919344,Low Risk
CUST0793,1,0.9586573,High Risk
CUST0794,0,0.0017784261,Low Risk
CUST0795,0,0.035492543,Low Risk
CUST0796,1,0.19604021,Low Risk
CUST0797,1,0.7119372,High Risk
CUST0798,0,0.002504884,Low Risk
CUST0799,0,0.21971868,Low Risk
CUST0800,0,0.0024077513,Low Risk
CUST0801,0,0.00064707256,Low Risk
CUST0802,0,0.0011858903,Low Risk
CUST0803,1,0.97811264,High Risk
CUST0804,0,0.0011987083,Low Risk
CUST0805,1,0.9722626,High Risk
CUST0806,0,0.0022926747,Low Risk
CUST0807,1,0.9802383,High Risk
CUST0808,0,0.95317876,High Risk
CUST0809,1,0.95249325,High Risk
CUST0810,0,0.019491032,Low Risk
CUST0811,0,0.017341308,Low Risk
CUST0812,1,0.9919823,High Risk
CUST0813,0,0.047130626,Low Risk
CUST0814,0,0.0026607455,Low Risk
CUST0815,1,0.9630589,High Risk
CUST0816,0,0.0013530016,Low Risk
CUST0817,1,0.86961484,High Risk
CUST0818,0,0.021294547,Low Risk
CUST0819,0,0.014109229,Low Risk
CUST0820,0,0.017308803,Low Risk
CUST0821,1,0.9453885,High Risk
CUST0822,0,0.0012958952,Low Risk
CUST0823,1,0.95909125,High Risk
CUST0824,1,0.9792532,High Risk
CUST0825,0,0.001541526,Low Risk
CUST0826,0,0.006596833,Low Risk
CUST0827,0,0.0020639894,Low Risk
CUST0828,1,0.9336552,High Risk
CUST0829,1,0.985171,High Risk
CUST0830,1,0.978455,High Risk
CUST0831,0,0.0020954679,Low Risk
CUST0832,0,0.0025056456,Low Risk
CUST0833,1,0.9472702,High Risk
CUST0834,0,0.05020811,Low Risk
CUST0835,1,0.8669791,High Risk
CUST0836,0,0.0010048078,Low Risk
CUST0837,0,0.36748043,Medium Risk
CUST0838,1,0.7895945,High Risk
CUST0839,0,0.082060784,Low Risk
CUST0840,0,0.029763468,Low Risk
CUST0841,0,0.0011480352,Low Risk
CUST0842,1,0.9047916,High Risk
CUST0843,0,0.0018913263,Low Risk
CUST0844,0,0.3338522,Medium Risk
CUST0845,0,0.3662822,Medium Risk
CUST0846,0,0.5861402,Medium Risk
CUST0847,0,0.4244549,Medium Risk
CUST0848,0,0.001159539,Low Risk
CUST0849,1,0.66436464,High Risk
CUST0850,0,0.0050294683,Low Risk
CUST0851,1,0.9652264,High Risk
CUST0852,0,0.0030336254,Low Risk
CUST0853,0,0.0025846385,Low Risk
CUST0854,0,0.0010857256,Low Risk
CUST0855,0,0.0005727567,Low Risk
CUST0856,1,0.58937615,Medium Risk
CUST0857,1,0.21670757,Low Risk
CUST0858,0,0.0083265435,Low Risk
CUST0859,1,0.94207054,High Risk
CUST0860,0,0.0098240655,Low Risk
CUST0861,1,0.96582395,High Risk
CUST0862,0,0.0040402166,Low Risk
CUST0863,1,0.86840415,High Risk
CUST0864,1,0.84503394,High Risk
CUST0865,0,0.22489469,Low Risk
CUST0866,0,0.0010608955,Low Risk
CUST0867,1,0.9489434,High Risk
CUST0868,0,0.01480347,Low Risk
CUST0869,1,0.9390649,High Risk
CUST0870,0,0.38986406,Medium Risk
CUST0871,0,0.0016879588,Low Risk
CUST0872,0,0.0042312844,Low Risk
CUST0873,0,0.0011705931,Low Risk
CUST0874,0,0.0038255972,Low Risk
CUST0875,1,0.970378,High Risk
CUST0876,1,0.7275254,High Risk
CUST0877,0,0.23875119,Low Risk
CUST0878,0,0.002953736,Low Risk
CUST0879,1,0.9935248,High Risk
CUST0880,1,0.66826105,High Risk
CUST0881,0,0.0023823946,Low Risk
CUST0882,0,0.031214174,Low Risk
CUST0883,0,0.0014986349,Low Risk
CUST0884,1,0.7054081,High Risk
CUST0885,1,0.8655268,High Risk
CUST0886,0,0.0050173113,Low Risk
CUST0887,0,0.140681,Low Risk
CUST0888,1,0.9352441,High Risk
CUST0889,0,0.012586389,Low Risk
CUST0890,0,0.06346082,Low Risk
CUST0891,0,0.001670752,Low Risk
CUST0892,0,0.0008213553,Low Risk
CUST0893,0,0.0037208123,Low Risk
CUST0894,0,0.0036195852,Low Risk
CUST0895,0,0.001179961,Low Risk
CUST0896,1,0.9553501,High Risk
CUST0897,0,0.0016590512,Low Risk
CUST0898,1,0.94977605,High Risk
CUST0899,0,0.0023695086,Low Risk
CUST0900,1,0.7920813,High Risk
CUST0901,1,0.98606724,High Risk
CUST0902,0,0.0010955683,Low Risk
CUST0903,1,0.38939324,Medium Risk
CUST0904,0,0.22878301,Low Risk
CUST0905,0,0.00085768034,Low Risk
CUST0906,0,0.0009700602,Low Risk
CUST0907,0,0.68571985,High Risk
CUST0908,0,0.4931303,Medium Risk
CUST0909,1,0.9759989,High Risk
CUST0910,1,0.9720257,High Risk
CUST0911,1,0.7340437,High Risk
CUST0912,0,0.0008418939,Low Risk
CUST0913,0,0.0011048475,Low Risk
CUST0914,0,0.0009441922,Low Risk
CUST0915,0,0.0006873135,Low Risk
CUST0916,0,0.7883343,High Risk
CUST0917,0,0.017237881,Low Risk
CUST0918,1,0.7919001,High Risk
CUST0919,0,0.0016091344,Low Risk
CUST0920,0,0.0017304026,Low Risk
CUST0921,0,0.0018217632,Low Risk
CUST0922,0,0.15317734,Low Risk
CUST0923,0,0.6177135,Medium Risk
CUST0924,0,0.007673489,Low Risk
CUST0925,0,0.0015334046,Low Risk
CUST0926,1,0.82600665,High Risk
CUST0927,0,0.31131312,Low Risk
CUST0928,1,0.88812256,High Risk
CUST0929,0,0.0012735698,Low Risk
CUST0930,0,0.0043795723,Low Risk
CUST0931,1,0.8595828,High Risk
CUST0932,0,0.6316834,Medium Risk
CUST0933,1,0.9718587,High Risk
CUST0934,1,0.96429485,High Risk
CUST0935,1,0.99093187,High Risk
CUST0936,0,0.22447278,Low Risk
CUST0937,0,0.08367203,Low Risk
CUST0938,0,0.018253222,Low Risk
CUST0939,0,0.010779385,Low Risk
CUST0940,0,0.017756598,Low Risk
CUST0941,0,0.60764045,Medium Risk
CUST0942,0,0.019507667,Low Risk
CUST0943,0,0.0077871685,Low Risk
CUST0944,1,0.87231547,High Risk
CUST0945,0,0.37961245,Medium Risk
CUST0946,1,0.73880386,High Risk
CUST0947,0,0.0025229203,Low Risk
CUST0948,1,0.69179225,High Risk
CUST0949,0,0.1373566,Low Risk
CUST0950,1,0.9027048,High Risk
CUST0951,0,0.0027121813,Low Risk
CUST0952,0,0.0033191608,Low Risk
CUST0953,1,0.91687256,High Risk
CUST0954,0,0.0014725976,Low Risk
CUST0955,1,0.54593045,Medium Risk
CUST0956,0,0.0011206884,Low Risk
CUST0957,1,0.9408792,High Risk
CUST0958,0,0.0020153078,Low Risk
CUST0959,1,0.9075322,High Risk
CUST0960,1,0.79309285,High Risk
CUST0961,0,0.0062408927,Low Risk
CUST0962,0,0.6670645,High Risk
CUST0963,0,0.0152662955,Low Risk
CUST0964,1,0.93264914,High Risk
CUST0965,0,0.18323623,Low Risk
CUST0966,1,0.9912617,High Risk
CUST0967,0,0.019546017,Low Risk
CUST0968,1,0.6412122,Medium Risk
CUST0969,1,0.98321253,High Risk
CUST0970,1,0.6720844,High Risk
CUST0971,1,0.95017827,High Risk
CUST0972,1,0.7782864,High Risk
CUST0973,0,0.0021767758,Low Risk
CUST0974,0,0.020069411,Low Risk
CUST0975,0,0.023216678,Low Risk
CUST0976,1,0.42049065,Medium Risk
CUST0977,0,0.01905914,Low Risk
CUST0978,1,0.8669041,High Risk
CUST0979,0,0.17614563,Low Risk
CUST0980,1,0.8946237,High Risk
CUST0981,0,0.0011478695,Low Risk
CUST0982,0,0.0018199811,Low Risk
CUST0983,1,0.94737715,High Risk
CUST0984,0,0.0010109715,Low Risk
CUST0985,0,0.0045097605,Low Risk
CUST0986,0,0.027730206,Low Risk
CUST0987,0,0.09970744,Low Risk
CUST0988,0,0.0013903679,Low Risk
CUST0989,0,0.09740427,Low Risk
CUST0990,0,0.007843441,Low Risk
CUST0991,1,0.9778632,High Risk
CUST0992,0,0.01428656,Low Risk
CUST0993,0,0.0010924673,Low Risk
CUST0994,0,0.10616359,Low Risk
CUST0995,1,0.9895543,High Risk
CUST0996,0,0.0035163523,Low Risk
CUST0997,0,0.0007883872,Low Risk
CUST0998,1,0.986772,High Risk
CUST0999,0,0.015061215,Low Risk
CUST1000,1,0.89043725,High Risk
CUST1001,1,0.87878394,High Risk
CUST1002,0,0.14002882,Low Risk
CUST1003,1,0.9917247,High Risk
CUST1004,1,0.92756873,High Risk
CUST1005,0,0.012915755,Low Risk
CUST1006,1,0.9905771,High Risk
CUST1007,1,0.95613974,High Risk
CUST1008,1,0.9748034,High Risk
CUST1009,0,0.004079184,Low Risk
CUST1010,1,0.97258323,High Risk
CUST1011,0,0.61659163,Medium Risk
CUST1012,1,0.72677815,High Risk
CUST1013,1,0.69103706,High Risk
CUST1014,0,0.014265746,Low Risk
CUST1015,1,0.92649686,High Risk
CUST1016,0,0.13712515,Low Risk
CUST1017,0,0.0027986,Low Risk
CUST1018,1,0.9826006,High Risk
CUST1019,0,0.017274959,Low Risk
CUST1020,0,0.005942221,Low Risk
CUST1021,0,0.0007899134,Low Risk
CUST1022,1,0.9641933,High Risk
CUST1023,1,0.98910075,High Risk
CUST1024,1,0.9493154,High Risk
CUST1025,0,0.0012436481,Low Risk
CUST1026,0,0.0035133425,Low Risk
CUST1027,1,0.9690335,High Risk
CUST1028,1,0.9570101,High Risk
CUST1029,1,0.087615035,Low Risk
CUST1030,1,0.9757908,High Risk
CUST1031,0,0.0039032209,Low Risk
CUST1032,0,0.001054162,Low Risk
CUST1033,0,0.00456344,Low Risk
CUST1034,0,0.015697747,Low Risk
CUST1035,1,0.98855966,High Risk
CUST1036,0,0.0016419229,Low Risk
CUST1037,0,0.019546896,Low Risk
CUST1038,0,0.0048858603,Low Risk
CUST1039,0,0.004294757,Low Risk
CUST1040,0,0.001816586,Low Risk
CUST1041,1,0.9426772,High Risk
CUST1042,0,0.015612736,Low Risk
CUST1043,0,0.00068396534,Low Risk
CUST1044,0,0.0013750297,Low Risk
CUST1045,1,0.510991,Medium Risk
CUST1046,0,0.0018338478,Low Risk
CUST1047,1,0.9726629,High Risk
CUST1048,0,0.014785074,Low Risk
CUST1049,0,0.009985182,Low Risk
CUST1050,0,0.20972782,Low Risk
CUST1051,0,0.04921852,Low Risk
CUST1052,1,0.8506731,High Risk
CUST1053,1,0.82194436,High Risk
CUST1054,1,0.863812,High Risk
CUST1055,0,0.03166213,Low Risk
CUST1056,1,0.8047043,High Risk
CUST1057,1,0.9295423,High Risk
CUST1059,0,0.027109852,Low Risk
CUST1060,1,0.98908895,High Risk
CUST1061,0,0.0039181146,Low Risk
CUST1062,1,0.36445346,Medium Risk
CUST1063,0,0.0022985209,Low Risk
CUST1064,1,0.9113991,High Risk
CUST1065,1,0.804146,High Risk
CUST1066,0,0.0035817558,Low Risk
CUST1067,0,0.0019081469,Low Risk
CUST1068,0,0.0053401347,Low Risk
CUST1069,1,0.9710798,High Risk
CUST1070,0,0.0015880332,Low Risk
CUST1071,1,0.67619115,High Risk
CUST1072,1,0.9540427,High Risk
CUST1073,0,0.0011207088,Low Risk
CUST1074,0,0.09371453,Low Risk
CUST1075,0,0.00093786087,Low Risk
CUST1077,0,0.0017187062,Low Risk
CUST1078,0,0.005140045,Low Risk
CUST1079,1,0.97633046,High Risk
CUST1080,0,0.0012379127,Low Risk
CUST1081,1,0.9803474,High Risk
CUST1082,0,0.0033499855,Low Risk
CUST1083,0,0.0021261254,Low Risk
CUST1084,1,0.73156655,High Risk
CUST1086,1,0.8545733,High Risk
CUST1087,1,0.1331228,Low Risk
CUST1088,1,0.59312063,Medium Risk
CUST1089,0,0.0020778766,Low Risk
CUST1090,0,0.271545,Low Risk
CUST1091,0,0.1494781,Low Risk
CUST1092,0,0.038122833,Low Risk
CUST1093,0,0.0020221388,Low Risk
CUST1094,0,0.007865041,Low Risk
CUST1095,0,0.030440511,Low Risk
CUST1096,1,0.7153081,High Risk
CUST1097,0,0.016758503,Low Risk
CUST1098,0,0.0045189536,Low Risk
CUST1099,0,0.0025378065,Low Risk
CUST1100,1,0.8096157,High Risk
CUST1101,0,0.1516493,Low Risk
CUST1102,0,0.3769297,Medium Risk
CUST1103,0,0.018598083,Low Risk
CUST1104,1,0.986691,High Risk
CUST1105,0,0.0012423623,Low Risk
CUST1106,0,0.0076594464,Low Risk
CUST1107,1,0.9541888,High Risk
CUST1108,1,0.7331342,High Risk
CUST1109,0,0.0006599363,Low Risk
CUST1110,0,0.0013322587,Low Risk
CUST1111,0,0.090455264,Low Risk
CUST1112,0,0.11124344,Low Risk
CUST1113,1,0.72888845,High Risk
CUST1114,0,0.040316667,Low Risk
CUST1115,1,0.8047394,High Risk
CUST1116,0,0.0020017475,Low Risk
CUST1117,0,0.07052372,Low Risk
CUST1118,0,0.022647137,Low Risk
CUST1119,0,0.00560002,Low Risk
CUST1120,0,0.51253664,Medium Risk
CUST1121,0,0.0015033209,Low Risk
CUST1122,0,0.011450048,Low Risk
CUST1123,0,0.0023472335,Low Risk
CUST1124,1,0.9426258,High Risk
CUST1125,0,0.03202086,Low Risk
CUST1126,0,0.022033585,Low Risk
CUST1127,0,0.001376041,Low Risk
CUST1128,0,0.26343966,Low Risk
CUST1129,0,0.04842997,Low Risk
CUST1130,0,0.006796366,Low Risk
CUST1131,0,0.038872574,Low Risk
CUST1132,0,0.31560275,Low Risk
CUST1133,1,0.79328185,High Risk
CUST1134,0,0.014344424,Low Risk
CUST1135,0,0.29582214,Low Risk
CUST1136,0,0.0013683178,Low Risk
CUST1137,1,0.81355447,High Risk
CUST1138,0,0.016201435,Low Risk
CUST1139,0,0.033391986,Low Risk
CUST1140,0,0.27076712,Low Risk
CUST1141,0,0.0015271041,Low Risk
CUST1142,0,0.0018582084,Low Risk
CUST1143,1,0.61688316,Medium Risk
CUST1144,0,0.0011895887,Low Risk
CUST1145,0,0.0037659502,Low Risk
CUST1146,1,0.8071189,High Risk
CUST1147,0,0.0064378614,Low Risk
CUST1148,1,0.5353116,Medium Risk
CUST1149,1,0.46041518,Medium Risk
CUST1150,0,0.0013006879,Low Risk
CUST1151,1,0.6802014,High Risk
CUST1152,0,0.014826849,Low Risk
CUST1153,0,0.0019013861,Low Risk
CUST1154,0,0.0018703137,Low Risk
CUST1155,0,0.0014366509,Low Risk
CUST1156,0,0.00084150734,Low Risk
CUST1157,1,0.9104376,High Risk
CUST1158,0,0.0009895208,Low Risk
CUST1159,0,0.0026006065,Low Risk
CUST1160,0,0.09584771,Low Risk
CUST1161,0,0.052067354,Low Risk
CUST1162,0,0.9436359,High Risk
CUST1163,1,0.95036644,High Risk
CUST1164,0,0.0017948989,Low Risk
CUST1165,0,0.010282661,Low Risk
CUST1166,0,0.2901089,Low Risk
CUST1167,1,0.8520643,High Risk
CUST1168,0,0.0008597174,Low Risk
CUST1169,1,0.8778828,High Risk
CUST1170,1,0.65868527,Medium Risk
CUST1171,0,0.026257478,Low Risk
CUST1172,1,0.9690934,High Risk
CUST1173,0,0.000744996,Low Risk
CUST1174,0,0.034230087,Low Risk
CUST1175,0,0.002286168,Low Risk
CUST1176,0,0.022767486,Low Risk
CUST1177,1,0.93672013,High Risk
CUST1178,0,0.02034085,Low Risk
CUST1179,0,0.014547605,Low Risk
CUST1180,0,0.022583311,Low Risk
CUST1181,0,0.0005353377,Low Risk
CUST1182,0,0.012061414,Low Risk
CUST1183,0,0.33393672,Medium Risk
CUST1184,0,0.017145954,Low Risk
CUST1185,0,0.0038239115,Low Risk
CUST1186,0,0.05931659,Low Risk
CUST1187,1,0.81295085,High Risk
CUST1188,0,0.02145759,Low Risk
CUST1189,0,0.0036757418,Low Risk
CUST1190,0,0.05576126,Low Risk
CUST1191,1,0.97256225,High Risk
CUST1192,0,0.0019778034,Low Risk
CUST1193,0,0.009065611,Low Risk
CUST1194,1,0.9895034,High Risk
CUST1195,0,0.056499157,Low Risk
CUST1196,0,0.0061880853,Low Risk
CUST1197,1,0.9041566,High Risk
CUST1198,1,0.9869363,High Risk
CUST1199,1,0.86919206,High Risk
CUST1200,1,0.95501596,High Risk
CUST1201,0,0.388199,Medium Risk
CUST1202,0,0.01143135,Low Risk
CUST1203,1,0.8768458,High Risk
CUST1204,0,0.0015838457,Low Risk
CUST1205,0,0.19832405,Low Risk
CUST1206,0,0.0033774439,Low Risk
CUST1207,0,0.0008382905,Low Risk
CUST1208,0,0.003992997,Low Risk
CUST1209,0,0.42602462,Medium Risk
CUST1210,0,0.0011503833,Low Risk
CUST1211,0,0.046523716,Low Risk
CUST1212,0,0.12051423,Low Risk
CUST1213,0,0.00069550745,Low Risk
CUST1214,0,0.0014141122,Low Risk
CUST1215,0,0.0013005957,Low Risk
CUST1216,0,0.0007868715,Low Risk
CUST1217,1,0.94003487,High Risk
CUST1218,0,0.1735836,Low Risk
CUST1219,0,0.0041725775,Low Risk
CUST1220,0,0.0075577884,Low Risk
CUST1221,1,0.9244738,High Risk
CUST1222,0,0.06773544,Low Risk
CUST1223,0,0.024607645,Low Risk
CUST1224,0,0.0008950905,Low Risk
CUST1225,0,0.009294957,Low Risk
CUST1226,1,0.8194949,High Risk
CUST1227,0,0.21872824,Low Risk
CUST1228,0,0.1167947,Low Risk
CUST1229,0,0.017152166,Low Risk
CUST1230,0,0.08220051,Low Risk
CUST1231,0,0.0026175366,Low Risk
CUST1232,0,0.07200775,Low Risk
CUST1233,0,0.011246104,Low Risk
CUST1234,1,0.8825571,High Risk
CUST1235,1,0.77106774,High Risk
CUST1236,0,0.0023523173,Low Risk
CUST1237,0,0.0005871836,Low Risk
CUST1238,1,0.77756894,High Risk
CUST1239,0,0.0015609747,Low Risk
CUST1240,1,0.92905813,High Risk
CUST1241,0,0.07745417,Low Risk
CUST1242,0,0.0014749476,Low Risk
CUST1243,0,0.03430832,Low Risk
CUST1244,0,0.0030030108,Low Risk
CUST1245,1,0.9542434,High Risk
CUST1246,0,0.0037082215,Low Risk
CUST1247,1,0.8257798,High Risk
CUST1248,1,0.9732555,High Risk
CUST1249,0,0.0014518118,Low Risk
CUST1250,0,0.0010483374,Low Risk
CUST1251,1,0.9436494,High Risk
CUST1252,1,0.8545954,High Risk
CUST1253,0,0.00822215,Low Risk
CUST1254,0,0.0055785705,Low Risk
CUST1255,1,0.9697197,High Risk
CUST1256,0,0.0149381785,Low Risk
CUST1257,0,0.0022333357,Low Risk
CUST1258,1,0.7878793,High Risk
CUST1259,1,0.93741864,High Risk
CUST1260,0,0.01512172,Low Risk
CUST1261,0,0.38639453,Medium Risk
CUST1262,0,0.006511644,Low Risk
CUST1263,1,0.5583213,Medium Risk
CUST1264,1,0.99325985,High Risk
CUST1265,0,0.010947525,Low Risk
CUST1266,1,0.8563164,High Risk
CUST1267,1,0.8909641,High Risk
CUST1268,1,0.57882094,Medium Risk
CUST1269,0,0.59423715,Medium Risk
CUST1270,0,0.002472207,Low Risk
CUST1271,0,0.031094661,Low Risk
CUST1272,0,0.0046263286,Low Risk
CUST1273,0,0.10065297,Low Risk
CUST1274,1,0.5434427,Medium Risk
CUST1275,0,0.078982145,Low Risk
CUST1276,1,0.94274426,High Risk
CUST1277,0,0.0019322931,Low Risk
CUST1278,0,0.0012097291,Low Risk
CUST1279,1,0.79959995,High Risk
CUST1280,0,0.0012724694,Low Risk
CUST1281,1,0.75922084,High Risk
CUST1282,1,0.9808821,High Risk
CUST1283,1,0.9772192,High Risk
CUST1284,0,0.024243832,Low Risk
CUST1285,0,0.03405646,Low Risk
CUST1286,1,0.9916481,High Risk
CUST1287,1,0.7019787,High Risk
CUST1288,1,0.8211351,High Risk
CUST1289,1,0.87221915,High Risk
CUST1290,0,0.011749405,Low Risk
CUST1291,0,0.004812362,Low Risk
CUST1292,0,0.0013483043,Low Risk
CUST1293,0,0.13433526,Low Risk
CUST1294,0,0.049212877,Low Risk
CUST1295,0,0.0017116977,Low Risk
CUST1296,1,0.892793,High Risk
CUST1297,0,0.0024028462,Low Risk
CUST1298,1,0.82869166,High Risk
CUST1299,0,0.012785998,Low Risk
CUST1300,0,0.0076876804,Low Risk
CUST1301,1,0.8915296,High Risk
CUST1302,0,0.0069429465,Low Risk
CUST1303,0,0.003517684,Low Risk
CUST1304,1,0.9676655,High Risk
CUST1305,1,0.9770797,High Risk
CUST1306,1,0.77119994,High Risk
CUST1307,0,0.002215347,Low Risk
CUST1308,0,0.03271491,Low Risk
CUST1309,0,0.14736685,Low Risk
CUST1310,0,0.07330082,Low Risk
CUST1311,0,0.5155197,Medium Risk
CUST1312,0,0.1962859,Low Risk
CUST1313,0,0.0016127604,Low Risk
CUST1314,1,0.95280766,High Risk
CUST1315,1,0.5308972,Medium Risk
CUST1316,0,0.0019112554,Low Risk
CUST1317,0,0.0077845315,Low Risk
CUST1318,0,0.012857222,Low Risk
CUST1319,1,0.97706795,High Risk
CUST1320,0,0.00089685776,Low Risk
CUST1321,1,0.98749083,High Risk
CUST1322,0,0.0004558103,Low Risk
CUST1323,1,0.9093904,High Risk
CUST1324,0,0.20971212,Low Risk
CUST1325,1,0.93607104,High Risk
CUST1326,0,0.59018147,Medium Risk
CUST1327,0,0.012235747,Low Risk
CUST1328,1,0.9223856,High Risk
CUST1329,1,0.98017865,High Risk
CUST1330,0,0.0009177091,Low Risk
CUST1332,0,0.000613683,Low Risk
CUST1333,0,0.0009034382,Low Risk
CUST1334,0,0.6138093,Medium Risk
CUST1335,1,0.50064373,Medium Risk
CUST1336,0,0.008381559,Low Risk
CUST1337,1,0.91231483,High Risk
CUST1338,0,0.0012041236,Low Risk
CUST1339,0,0.39055997,Medium Risk
CUST1340,0,0.38768035,Medium Risk
CUST1341,0,0.030261626,Low Risk
CUST1342,0,0.0017196054,Low Risk
CUST1343,0,0.08197295,Low Risk
CUST1344,0,0.5854402,Medium Risk
CUST1345,1,0.94953877,High Risk
CUST1346,0,0.000736717,Low Risk
CUST1347,1,0.7150027,High Risk
CUST1348,0,0.12832165,Low Risk
CUST1349,1,0.84552807,High Risk
CUST1350,0,0.0039377105,Low Risk
CUST1351,0,0.0011040132,Low Risk
CUST1352,0,0.013233452,Low Risk
CUST1353,0,0.025603687,Low Risk
CUST1354,0,0.0039742985,Low Risk
CUST1355,0,0.004565219,Low Risk
CUST1356,1,0.91940016,High Risk
CUST1357,0,0.29502448,Low Risk
CUST1358,0,0.051843897,Low Risk
CUST1359,0,0.0010898141,Low Risk
CUST1360,0,0.02267554,Low Risk
CUST1361,0,0.011600499,Low Risk
CUST1362,0,0.011640046,Low Risk
CUST1363,0,0.029917931,Low Risk
CUST1364,0,0.002512356,Low Risk
CUST1365,0,0.016557384,Low Risk
CUST1366,0,0.0014505873,Low Risk
CUST1367,0,0.026083307,Low Risk
CUST1368,0,0.011937504,Low Risk
CUST1369,0,0.17853057,Low Risk
CUST1370,1,0.84752804,High Risk
CUST1371,0,0.12620632,Low Risk
CUST1372,0,0.0049462537,Low Risk
CUST1373,0,0.0019717868,Low Risk
CUST1374,1,0.75607526,High Risk
CUST1375,1,0.9900828,High Risk
CUST1376,0,0.008299754,Low Risk
CUST1377,1,0.9902261,High Risk
CUST1378,1,0.9403203,High Risk
CUST1379,0,0.043289803,Low Risk
CUST1380,0,0.0013418479,Low Risk
CUST1381,0,0.12762399,Low Risk
CUST1382,1,0.9067454,High Risk
CUST1383,1,0.91847205,High Risk
CUST1384,1,0.9132737,High Risk
CUST1385,0,0.0014964766,Low Risk
CUST1386,1,0.9852791,High Risk
CUST1387,1,0.98496675,High Risk
CUST1388,0,0.03186921,Low Risk
CUST1389,1,0.9637728,High Risk
CUST1390,0,0.29260194,Low Risk
CUST1391,0,0.004563141,Low Risk
CUST1392,0,0.075131446,Low Risk
CUST1393,0,0.0020734377,Low Risk
CUST1394,0,0.039465472,Low Risk
CUST1395,1,0.7634012,High Risk
CUST1396,1,0.9914841,High Risk
CUST1397,0,0.0024470296,Low Risk
CUST1398,0,0.01679948,Low Risk
CUST1399,0,0.00089895463,Low Risk
CUST1400,0,0.0010049633,Low Risk
CUST1401,1,0.966427,High Risk
CUST1402,1,0.779486,High Risk
CUST1403,1,0.88061315,High Risk
CUST1404,0,0.0014836243,Low Risk
CUST1405,0,0.39855722,Medium Risk
CUST1406,0,0.011443437,Low Risk
CUST1407,0,0.028493937,Low Risk
CUST1408,0,0.003629492,Low Risk
CUST1409,1,0.8148138,High Risk
CUST1410,0,0.016554093,Low Risk
CUST1411,0,0.0008361955,Low Risk
CUST1412,0,0.0041496158,Low Risk
CUST1413,0,0.01803058,Low Risk
CUST1414,0,0.0012156281,Low Risk
CUST1415,0,0.007932777,Low Risk
CUST1416,1,0.9404692,High Risk
CUST1417,1,0.752506,High Risk
CUST1418,1,0.95056456,High Risk
CUST1419,1,0.8461593,High Risk
CUST1420,0,0.055412147,Low Risk
CUST1421,0,0.0029849596,Low Risk
CUST1423,1,0.7491375,High Risk
CUST1424,0,0.58486897,Medium Risk
CUST1425,0,0.00987813,Low Risk
CUST1426,0,0.0036284663,Low Risk
CUST1427,1,0.9667468,High Risk
CUST1428,0,0.0034081032,Low Risk
CUST1429,1,0.9216195,High Risk
CUST1430,1,0.959597,High Risk
CUST1431,1,0.7060416,High Risk
CUST1432,0,0.030255126,Low Risk
CUST1433,0,0.25612894,Low Risk
CUST1434,0,0.0039704666,Low Risk
CUST1435,0,0.0005601232,Low Risk
CUST1436,0,0.3084237,Low Risk
CUST1437,0,0.021318097,Low Risk
CUST1438,0,0.013358817,Low Risk
CUST1439,1,0.9244978,High Risk
CUST1440,1,0.9713858,High Risk
CUST1441,1,0.739988,High Risk
CUST1442,1,0.9235586,High Risk
CUST1443,1,0.96381897,High Risk
CUST1444,0,0.21035966,Low Risk
CUST1445,0,0.14213885,Low Risk
CUST1446,0,0.0014300171,Low Risk
CUST1447,0,0.049962938,Low Risk
CUST1448,0,0.0015328025,Low Risk
CUST1449,0,0.015937548,Low Risk
CUST1450,0,0.007288436,Low Risk
CUST1451,0,0.0059763542,Low Risk
CUST1452,0,0.0106387,Low Risk
CUST1453,1,0.8983112,High Risk
CUST1454,1,0.9886362,High Risk
CUST1455,0,0.004123855,Low Risk
CUST1456,0,0.019730538,Low Risk
CUST1457,0,0.010052705,Low Risk
CUST1458,0,0.05777396,Low Risk
CUST1459,0,0.001414102,Low Risk
CUST1460,0,0.0016532125,Low Risk
CUST1461,0,0.04095573,Low Risk
CUST1462,0,0.010108635,Low Risk
CUST1463,0,0.0015223781,Low Risk
CUST1464,0,0.0039417767,Low Risk
CUST1465,0,0.002614144,Low Risk
CUST1466,0,0.012933128,Low Risk
CUST1467,0,0.0013642892,Low Risk
CUST1468,0,0.084843546,Low Risk
CUST1469,0,0.07494239,Low Risk
CUST1470,0,0.0009662266,Low Risk
CUST1471,0,0.0014356367,Low Risk
CUST1472,0,0.12742712,Low Risk
CUST1473,1,0.50510985,Medium Risk
CUST1474,0,0.018383026,Low Risk
CUST1475,1,0.82330084,High Risk
CUST1476,0,0.33561444,Medium Risk
CUST1477,0,0.07064184,Low Risk
CUST1478,0,0.2121412,Low Risk
CUST1479,0,0.0082756085,Low Risk
CUST1480,1,0.9609657,High Risk
CUST1481,0,0.0159158,Low Risk
CUST1482,1,0.72034883,High Risk
CUST1483,1,0.43637744,Medium Risk
CUST1484,1,0.9891292,High Risk
CUST1485,1,0.98496675,High Risk
CUST1486,0,0.066686235,Low Risk
CUST1487,0,0.07060761,Low Risk
CUST1488,0,0.019660054,Low Risk
CUST1489,0,0.028057469,Low Risk
CUST1490,0,0.038518976,Low Risk
CUST1491,0,0.013801328,Low Risk
CUST1492,1,0.99183136,High Risk
CUST1493,1,0.6758688,High Risk
CUST1494,1,0.97215784,High Risk
CUST1495,1,0.87028575,High Risk
CUST1496,1,0.96248025,High Risk
CUST1497,1,0.6000981,Medium Risk
CUST1498,0,0.15843105,Low Risk
CUST1499,0,0.030611468,Low Risk
CUST1500,0,0.0041495273,Low Risk
CUST1501,0,0.0015079395,Low Risk
CUST1502,1,0.962065,High Risk
CUST1503,1,0.9909802,High Risk
CUST1504,0,0.013062982,Low Risk
CUST1505,1,0.6062158,Medium Risk
CUST1506,0,0.011333287,Low Risk
CUST1507,0,0.23790024,Low Risk
CUST1508,0,0.0008926568,Low Risk
CUST1509,0,0.0021537892,Low Risk
CUST1510,1,0.9823433,High Risk
CUST1511,0,0.25726393,Low Risk
CUST1512,0,0.016457543,Low Risk
CUST1513,0,0.3148162,Low Risk
CUST1514,0,0.0022686105,Low Risk
CUST1515,0,0.07805615,Low Risk
CUST1516,0,0.003804066,Low Risk
CUST1517,1,0.9572653,High Risk
CUST1518,0,0.025074879,Low Risk
CUST1519,1,0.6154981,Medium Risk
CUST1520,0,0.0038229723,Low Risk
CUST1521,1,0.80750024,High Risk
CUST1522,0,0.044721402,Low Risk
CUST1523,0,0.0018650326,Low Risk
CUST1524,0,0.005489209,Low Risk
CUST1525,1,0.8477223,High Risk
CUST1526,0,0.05393529,Low Risk
CUST1527,0,0.0010598919,Low Risk
CUST1528,1,0.80714226,High Risk
CUST1529,1,0.74933,High Risk
CUST1530,0,0.0009700611,Low Risk
CUST1531,1,0.9594561,High Risk
CUST1532,0,0.044314016,Low Risk
CUST1533,0,0.018994885,Low Risk
CUST1534,1,0.9640375,High Risk
CUST1535,0,0.045845672,Low Risk
CUST1536,0,0.0014760653,Low Risk
CUST1537,0,0.011216989,Low Risk
CUST1538,0,0.011485784,Low Risk
CUST1539,1,0.53066194,Medium Risk
CUST1540,0,0.0016411913,Low Risk
CUST1541,0,0.29276422,Low Risk
CUST1542,0,0.010413138,Low Risk
CUST1543,0,0.0032980556,Low Risk
CUST1544,0,0.09538336,Low Risk
CUST1545,0,0.08218691,Low Risk
CUST1546,0,0.0011914026,Low Risk
CUST1547,0,0.015368891,Low Risk
CUST1548,0,0.10678199,Low Risk
CUST1549,1,0.79891366,High Risk
CUST1550,0,0.0019014312,Low Risk
CUST1551,0,0.0039973403,Low Risk
CUST1552,0,0.016578471,Low Risk
CUST1553,0,0.001679985,Low Risk
CUST1554,0,0.042294335,Low Risk
CUST1555,0,0.0150389485,Low Risk
CUST1556,0,0.77130896,High Risk
CUST1557,1,0.93068063,High Risk
CUST1558,0,0.022682197,Low Risk
CUST1559,1,0.9915011,High Risk
CUST1560,1,0.886693,High Risk
CUST1561,0,0.007429255,Low Risk
CUST1562,0,0.02228935,Low Risk
CUST1563,1,0.8915931,High Risk
CUST1564,0,0.47021946,Medium Risk
CUST1565,0,0.054762498,Low Risk
CUST1566,0,0.08240677,Low Risk
CUST1567,0,0.009135128,Low Risk
CUST1568,0,0.1175998,Low Risk
CUST1569,1,0.9880072,High Risk
CUST1570,0,0.035951454,Low Risk
CUST1571,0,0.0015748192,Low Risk
CUST1572,1,0.96336335,High Risk
CUST1573,1,0.972432,High Risk
CUST1574,0,0.6320174,Medium Risk
CUST1575,0,0.006932415,Low Risk
CUST1576,1,0.4642415,Medium Risk
CUST1577,0,0.010168684,Low Risk
CUST1578,0,0.001523486,Low Risk
CUST1579,0,0.046384238,Low Risk
CUST1580,0,0.0016357112,Low Risk
CUST1581,1,0.6905958,High Risk
CUST1582,0,0.0042171096,Low Risk
CUST1583,0,0.08675135,Low Risk
CUST1584,0,0.008011698,Low Risk
CUST1585,0,0.0014056867,Low Risk
CUST1586,1,0.8159384,High Risk
CUST1587,0,0.0012940938,Low Risk
CUST1588,1,0.80435246,High Risk
CUST1589,1,0.8959756,High Risk
CUST1590,0,0.008283917,Low Risk
CUST1591,0,0.001655066,Low Risk
CUST1592,0,0.047623243,Low Risk
CUST1593,1,0.9762225,High Risk
CUST1594,1,0.8461587,High Risk
CUST1595,1,0.84137696,High Risk
CUST1596,1,0.9671924,High Risk
CUST1597,0,0.0016830892,Low Risk
CUST1598,1,0.9478286,High Risk
CUST1599,0,0.00093148014,Low Risk
CUST1600,1,0.15080428,Low Risk
CUST1601,0,0.07821891,Low Risk
CUST1602,0,0.0053510848,Low Risk
CUST1603,1,0.84246004,High Risk
CUST1604,1,0.32307488,Low Risk
CUST1605,1,0.9862729,High Risk
CUST1606,0,0.0010319375,Low Risk
CUST1607,1,0.98979133,High Risk
CUST1608,0,0.06343032,Low Risk
CUST1609,1,0.99045104,High Risk
CUST1610,0,0.027698835,Low Risk
CUST1611,0,0.10252863,Low Risk
CUST1612,1,0.6630403,High Risk
CUST1613,0,0.16036554,Low Risk
CUST1614,0,0.0033547252,Low Risk
CUST1615,0,0.05086853,Low Risk
CUST1616,0,0.04538767,Low Risk
CUST1617,1,0.99009,High Risk
CUST1618,1,0.8831575,High Risk
CUST1619,1,0.99031913,High Risk
CUST1620,0,0.18659547,Low Risk
CUST1621,1,0.87476945,High Risk
CUST1622,1,0.84948283,High Risk
CUST1623,0,0.010099645,Low Risk
CUST1624,1,0.9904959,High Risk
CUST1625,0,0.0019999775,Low Risk
CUST1626,0,0.0016039739,Low Risk
CUST1627,1,0.9790491,High Risk
CUST1628,0,0.004977034,Low Risk
CUST1629,0,0.16365793,Low Risk
CUST1630,1,0.96542346,High Risk
CUST1631,0,0.010419149,Low Risk
CUST1632,1,0.906602,High Risk
CUST1633,0,0.0056409133,Low Risk
CUST1634,0,0.0017380012,Low Risk
CUST1635,0,0.0102209095,Low Risk
CUST1636,0,0.0014990111,Low Risk
CUST1637,1,0.4303101,Medium Risk
CUST1638,0,0.054888576,Low Risk
CUST1639,0,0.0013795517,Low Risk
CUST1640,1,0.94666654,High Risk
CUST1641,0,0.007638417,Low Risk
CUST1642,0,0.02017475,Low Risk
CUST1643,1,0.96003145,High Risk
CUST1644,0,0.0003848765,Low Risk
CUST1645,0,0.06778788,Low Risk
CUST1646,0,0.012255751,Low Risk
CUST1647,1,0.9386394,High Risk
CUST1648,1,0.19694564,Low Risk
CUST1649,1,0.9455312,High Risk
CUST1650,1,0.8850969,High Risk
CUST1651,0,0.026304506,Low Risk
CUST1652,0,0.035353012,Low Risk
CUST1653,0,0.027456438,Low Risk
CUST1654,0,0.0012001296,Low Risk
CUST1655,0,0.002196904,Low Risk
CUST1656,1,0.987566,High Risk
CUST1657,1,0.9438238,High Risk
CUST1658,0,0.16883141,Low Risk
CUST1659,0,0.04402724,Low Risk
CUST1660,0,0.2626234,Low Risk
CUST1661,1,0.84918666,High Risk
CUST1662,0,0.0014066087,Low Risk
CUST1663,1,0.98059916,High Risk
CUST1664,1,0.97084594,High Risk
CUST1665,0,0.0057898206,Low Risk
CUST1666,1,0.66063637,High Risk
CUST1667,1,0.4595879,Medium Risk
CUST1668,0,0.022777416,Low Risk
CUST1669,0,0.3532765,Medium Risk
CUST1670,0,0.009091101,Low Risk
CUST1671,1,0.99179816,High Risk
CUST1672,1,0.95992476,High Risk
CUST1673,0,0.010852707,Low Risk
CUST1674,1,0.8608972,High Risk
CUST1675,0,0.017686632,Low Risk
CUST1676,0,0.001297911,Low Risk
CUST1677,1,0.8828647,High Risk
CUST1678,0,0.2548696,Low Risk
CUST1679,1,0.8643106,High Risk
CUST1680,1,0.88524824,High Risk
CUST1681,0,0.0009228575,Low Risk
CUST1682,0,0.06372839,Low Risk
CUST1683,1,0.91949147,High Risk
CUST1684,0,0.001725966,Low Risk
CUST1685,0,0.010574798,Low Risk
CUST1686,0,0.001827896,Low Risk
CUST1687,0,0.0011532546,Low Risk
CUST1688,0,0.0024429986,Low Risk
CUST1689,1,0.93096787,High Risk
CUST1690,0,0.013697793,Low Risk
CUST1691,1,0.81945586,High Risk
CUST1692,1,0.9896785,High Risk
CUST1693,0,0.109342776,Low Risk
CUST1694,0,0.0023210736,Low Risk
CUST1695,0,0.63841915,Medium Risk
CUST1696,0,0.0040290435,Low Risk
CUST1697,0,0.008072477,Low Risk
CUST1698,1,0.98074645,High Risk
CUST1699,0,0.0023116374,Low Risk
CUST1700,0,0.5074911,Medium Risk
CUST1701,0,0.24348937,Low Risk
CUST1702,0,0.47954112,Medium Risk
CUST1703,0,0.301665,Low Risk
CUST1704,0,0.023352815,Low Risk
CUST1705,1,0.971106,High Risk
CUST1706,0,0.001187012,Low Risk
CUST1707,0,0.08329822,Low Risk
CUST1708,0,0.00082224526,Low Risk
CUST1709,0,0.25337473,Low Risk
CUST1710,0,0.008123791,Low Risk
CUST1711,0,0.012487207,Low Risk
CUST1712,0,0.74563,High Risk
CUST1713,1,0.9534182,High Risk
CUST1714,1,0.97695583,High Risk
CUST1715,0,0.003058446,Low Risk
CUST1716,0,0.050525114,Low Risk
CUST1717,0,0.0020166286,Low Risk
CUST1718,0,0.033643343,Low Risk
CUST1719,1,0.92736715,High Risk
CUST1720,0,0.00065378594,Low Risk
CUST1721,0,0.026433622,Low Risk
CUST1722,1,0.9656034,High Risk
CUST1723,0,0.001012546,Low Risk
CUST1724,0,0.09178554,Low Risk
CUST1725,0,0.00111488,Low Risk
CUST1726,0,0.0056841387,Low Risk
CUST1727,0,0.103825025,Low Risk
CUST1728,0,0.0009702727,Low Risk
CUST1729,1,0.9790744,High Risk
CUST1730,1,0.9855655,High Risk
CUST1731,0,0.038256444,Low Risk
CUST1732,0,0.030263275,Low Risk
CUST1733,0,0.09170715,Low Risk
CUST1734,1,0.8336576,High Risk
CUST1735,0,0.014505236,Low Risk
CUST1736,0,0.020323357,Low Risk
CUST1737,0,0.025788188,Low Risk
CUST1738,1,0.98919195,High Risk
CUST1739,0,0.013638054,Low Risk
CUST1740,0,0.005739064,Low Risk
CUST1741,1,0.9846964,High Risk
CUST1742,0,0.13213557,Low Risk
CUST1743,1,0.989165,High Risk
CUST1744,0,0.0011264001,Low Risk
CUST1745,0,0.079492904,Low Risk
CUST1746,0,0.40712196,Medium Risk
CUST1747,1,0.9890253,High Risk
CUST1748,0,0.0012151079,Low Risk
CUST1749,1,0.5527689,Medium Risk
CUST1750,0,0.010495047,Low Risk
CUST1751,1,0.79177773,High Risk
CUST1752,0,0.0026034156,Low Risk
CUST1753,1,0.9663745,High Risk
CUST1754,0,0.27942258,Low Risk
CUST1755,0,0.009697549,Low Risk
CUST1756,0,0.010567871,Low Risk
CUST1757,1,0.5726881,Medium Risk
CUST1758,0,0.0016764547,Low Risk
CUST1759,0,0.0008676783,Low Risk
CUST1760,0,0.0018319451,Low Risk
CUST1761,0,0.13911988,Low Risk
CUST1762,0,0.04986492,Low Risk
CUST1763,0,0.0029804388,Low Risk
CUST1764,0,0.027114123,Low Risk
CUST1765,1,0.7865111,High Risk
CUST1766,1,0.989449,High Risk
CUST1767,0,0.61223125,Medium Risk
CUST1768,0,0.06906536,Low Risk
CUST1769,1,0.9682274,High Risk
CUST1770,0,0.014681117,Low Risk
CUST1771,1,0.94865566,High Risk
CUST1772,0,0.12072634,Low Risk
CUST1773,0,0.0011160185,Low Risk
CUST1774,0,0.0063916966,Low Risk
CUST1775,1,0.8594097,High Risk
CUST1776,0,0.023251355,Low Risk
CUST1777,1,0.8642443,High Risk
CUST1778,0,0.0072746,Low Risk
CUST1779,0,0.110863395,Low Risk
CUST1780,0,0.39080504,Medium Risk
CUST1781,1,0.8870879,High Risk
CUST1782,0,0.0026124003,Low Risk
CUST1783,0,0.00056301354,Low Risk
CUST1784,1,0.96147525,High Risk
CUST1785,0,0.068642244,Low Risk
CUST1786,0,0.000385437,Low Risk
CUST1787,0,0.019738022,Low Risk
CUST1788,1,0.9668287,High Risk
CUST1789,0,0.023339054,Low Risk
CUST1790,0,0.009174545,Low Risk
CUST1791,1,0.8015208,High Risk
CUST1792,1,0.4924352,Medium Risk
CUST1793,0,0.0013563301,Low Risk
CUST1794,0,0.09314558,Low Risk
CUST1795,1,0.954739,High Risk
CUST1796,0,0.0014056079,Low Risk
CUST1797,0,0.00738919,Low Risk
CUST1798,0,0.0004953331,Low Risk
CUST1799,0,0.010320926,Low Risk
CUST1800,0,0.0020093857,Low Risk
CUST1801,1,0.99183875,High Risk
CUST1802,1,0.27132347,Low Risk
CUST1803,0,0.0010018741,Low Risk
CUST1804,1,0.97911453,High Risk
CUST1805,1,0.7934002,High Risk
CUST1806,1,0.48572925,Medium Risk
CUST1807,0,0.0018183707,Low Risk
CUST1808,0,0.027152145,Low Risk
CUST1809,0,0.027428456,Low Risk
CUST1810,1,0.9729959,High Risk
CUST1811,0,0.015044545,Low Risk
CUST1812,0,0.009050999,Low Risk
CUST1813,1,0.85710275,High Risk
CUST1814,0,0.014476133,Low Risk
CUST1815,0,0.054133322,Low Risk
CUST1816,0,0.0074924505,Low Risk
CUST1817,0,0.14869213,Low Risk
CUST1818,0,0.0025313993,Low Risk
CUST1819,0,0.3746675,Medium Risk
CUST1820,0,0.008247058,Low Risk
CUST1821,0,0.031859968,Low Risk
CUST1822,0,0.004003821,Low Risk
CUST1823,0,0.00040536548,Low Risk
CUST1824,0,0.28983858,Low Risk
CUST1825,1,0.9654058,High Risk
CUST1826,0,0.42169905,Medium Risk
CUST1827,0,0.0020197567,Low Risk
CUST1828,0,0.009727391,Low Risk
CUST1829,1,0.8410949,High Risk
CUST1830,0,0.0014741669,Low Risk
CUST1831,0,0.0051085935,Low Risk
CUST1832,0,0.012941069,Low Risk
CUST1834,0,0.102106765,Low Risk
CUST1835,0,0.0086366255,Low Risk
CUST1836,1,0.84488463,High Risk
CUST1837,0,0.008452846,Low Risk
CUST1838,1,0.80383134,High Risk
CUST1839,1,0.8136047,High Risk
CUST1840,0,0.015078293,Low Risk
CUST1841,0,0.0017607588,Low Risk
CUST1842,1,0.97744215,High Risk
CUST1843,0,0.0011150711,Low Risk
CUST1844,0,0.0050441,Low Risk
CUST1845,0,0.07432195,Low Risk
CUST1846,1,0.60170025,Medium Risk
CUST1847,1,0.9805838,High Risk
CUST1848,0,0.39650533,Medium Risk
CUST1849,0,0.0018475086,Low Risk
CUST1850,1,0.8852988,High Risk
CUST1851,0,0.007624756,Low Risk
CUST1852,0,0.0012348826,Low Risk
CUST1853,0,0.0014501038,Low Risk
CUST1854,0,0.0018068212,Low Risk
CUST1855,0,0.0018746993,Low Risk
CUST1856,0,0.0017073781,Low Risk
CUST1857,1,0.75832605,High Risk
CUST1858,0,0.005536582,Low Risk
CUST1859,0,0.00109414,Low Risk
CUST1860,0,0.0071597206,Low Risk
CUST1861,1,0.63806444,Medium Risk
CUST1862,0,0.010142669,Low Risk
CUST1863,1,0.988362,High Risk
CUST1864,0,0.0010858641,Low Risk
CUST1866,0,0.00048037258,Low Risk
CUST1867,1,0.18088606,Low Risk
CUST1868,0,0.064936206,Low Risk
CUST1869,0,0.020608328,Low Risk
CUST1870,0,0.04483376,Low Risk
CUST1871,0,0.000970711,Low Risk
CUST1872,0,0.12404618,Low Risk
CUST1873,0,0.0065268017,Low Risk
CUST1874,0,0.0014802923,Low Risk
CUST1875,1,0.5279391,Medium Risk
CUST1876,1,0.7690946,High Risk
CUST1877,0,0.0009854415,Low Risk
CUST1878,0,0.049267802,Low Risk
CUST1879,0,0.027896034,Low Risk
CUST1880,1,0.17277803,Low Risk
CUST1881,1,0.8723328,High Risk
CUST1882,0,0.0033434122,Low Risk
CUST1883,0,0.09425972,Low Risk
CUST1884,0,0.099931285,Low Risk
CUST1885,1,0.71744674,High Risk
CUST1886,1,0.9884779,High Risk
CUST1887,0,0.0035404016,Low Risk
CUST1888,0,0.046708375,Low Risk
CUST1889,1,0.99212974,High Risk
CUST1890,0,0.07382211,Low Risk
CUST1891,0,0.004969646,Low Risk
CUST1892,1,0.65182406,Medium Risk
CUST1893,0,0.23282929,Low Risk
CUST1894,0,0.092330664,Low Risk
CUST1895,0,0.015459887,Low Risk
CUST1896,1,0.48814985,Medium Risk
CUST1897,1,0.98669887,High Risk
CUST1898,1,0.98718786,High Risk
CUST1899,0,0.005850271,Low Risk
CUST1900,1,0.70609766,High Risk
CUST1901,0,0.0010086006,Low Risk
CUST1902,0,0.060051393,Low Risk
CUST1903,0,0.070054874,Low Risk
CUST1904,1,0.57628214,Medium Risk
CUST1905,1,0.90369517,High Risk
CUST1906,0,0.027187373,Low Risk
CUST1907,0,0.007934848,Low Risk
CUST1908,0,0.044404693,Low Risk
CUST1909,0,0.0014022252,Low Risk
CUST1910,0,0.10247369,Low Risk
CUST1911,0,0.022147052,Low Risk
CUST1912,0,0.0025627937,Low Risk
CUST1913,0,0.006802804,Low Risk
CUST1914,0,0.018654473,Low Risk
CUST1915,0,0.0025694305,Low Risk
CUST1916,1,0.9691049,High Risk
CUST1917,0,0.0042054695,Low Risk
CUST1918,0,0.00036610637,Low Risk
CUST1919,0,0.089110166,Low Risk
CUST1920,1,0.9634575,High Risk
CUST1921,0,0.0073347846,Low Risk
CUST1922,0,0.062368907,Low Risk
CUST1923,1,0.6378926,Medium Risk
CUST1924,0,0.003181776,Low Risk
CUST1925,1,0.89673096,High Risk
CUST1926,1,0.39354476,Medium Risk
CUST1927,0,0.0021062985,Low Risk
CUST1928,1,0.9790041,High Risk
CUST1929,1,0.83580965,High Risk
CUST1930,0,0.026288107,Low Risk
CUST1931,1,0.6717927,High Risk
CUST1932,0,0.041791253,Low Risk
CUST1933,0,0.008650976,Low Risk
CUST1934,0,0.00945068,Low Risk
CUST1935,1,0.3261986,Low Risk
CUST1936,0,0.0019850244,Low Risk
CUST1937,0,0.0048661795,Low Risk
CUST1938,0,0.0074205156,Low Risk
CUST1939,0,0.001602571,Low Risk
CUST1940,1,0.27200356,Low Risk
CUST1941,0,0.011261225,Low Risk
CUST1942,1,0.99111056,High Risk
CUST1943,0,0.060332183,Low Risk
CUST1944,0,0.0021096678,Low Risk
CUST1945,0,0.0020647626,Low Risk
CUST1946,0,0.00089721754,Low Risk
CUST1947,1,0.7523733,High Risk
CUST1948,1,0.9655898,High Risk
CUST1949,0,0.019085974,Low Risk
CUST1950,1,0.9854924,High Risk
CUST1951,0,0.1133555,Low Risk
CUST1952,0,0.013995674,Low Risk
CUST1953,0,0.002364291,Low Risk
CUST1954,1,0.75552297,High Risk
CUST1956,1,0.9130669,High Risk
CUST1957,0,0.12868959,Low Risk
CUST1958,0,0.016366974,Low Risk
CUST1959,0,0.0021387395,Low Risk
CUST1960,0,0.001121436,Low Risk
CUST1961,1,0.79317325,High Risk
CUST1962,0,0.016699739,Low Risk
CUST1963,0,0.13319813,Low Risk
CUST1964,0,0.009163854,Low Risk
CUST1965,0,0.06508462,Low Risk
CUST1966,1,0.9475769,High Risk
CUST1967,0,0.001146871,Low Risk
CUST1968,0,0.07333905,Low Risk
CUST1969,0,0.037751425,Low Risk
CUST1970,0,0.0047168825,Low Risk
CUST1971,1,0.8447907,High Risk
CUST1972,0,0.014761152,Low Risk
CUST1973,0,0.015426624,Low Risk
CUST1974,0,0.09313903,Low Risk
CUST1975,1,0.97251815,High Risk
CUST1976,0,0.0005081914,Low Risk
CUST1977,0,0.0024507141,Low Risk
CUST1978,0,0.41195825,Medium Risk
CUST1979,0,0.03288404,Low Risk
CUST1980,0,0.06287242,Low Risk
CUST1981,0,0.6802393,High Risk
CUST1982,1,0.94139415,High Risk
CUST1983,1,0.33095258,Medium Risk
CUST1984,0,0.017609214,Low Risk
CUST1985,0,0.0048871282,Low Risk
CUST1986,0,0.013180897,Low Risk
CUST1987,0,0.0017612258,Low Risk
CUST1988,1,0.51890135,Medium Risk
CUST1989,1,0.8326819,High Risk
CUST1990,0,0.0009970607,Low Risk
CUST1991,0,0.0025798907,Low Risk
CUST1992,0,0.004589507,Low Risk
CUST1993,1,0.97531563,High Risk
CUST1994,0,0.20572408,Low Risk
CUST1995,0,0.36853495,Medium Risk
CUST1996,0,0.0067445138,Low Risk
CUST1997,0,0.0011749935,Low Risk
CUST1998,0,0.0042976346,Low Risk
CUST1999,1,0.56930333,Medium Risk
